,accepted_species,Assigned_group,number_of_species_in_group
0,Acokanthera laevigata,Acokanthera,4
1,Acokanthera oblongifolia,Acokanthera,4
19,Acokanthera oppositifolia,Acokanthera,4
22,Acokanthera schimperi,Acokanthera,4
25,Adenium boehmianum,Adenium,2
28,Adenium obesum,Adenium,2
58,Adina cordifolia,Adina,6
87,Adina eurhyncha,Adina,6
95,Adina pilulifera,Adina,6
97,Adina racemosa,Adina,6
153,Adina rubella,Adina,6
159,Adina trichotoma,Adina,6
208,Afrocanthium gilfillanii,Afrocanthium,1
209,Aganosma heynei,Aganosma,1
222,Aidia canthioides,Aidia,1
227,Alafia barteri,Alafia,1
244,Alberta magna,Alberta,1
249,Alibertia edulis,Alibertia,1
271,Allamanda blanchetii,Allamanda,3
275,Allamanda cathartica,Allamanda,3
312,Allamanda schottii,Allamanda,3
355,Alstonia actinophylla,Alstonia,30
356,Alstonia angustifolia,Alstonia,30
461,Alstonia angustiloba,Alstonia,30
496,Alstonia balansae,Alstonia,30
524,Alstonia boonei,Alstonia,30
536,Alstonia boulindaensis,Alstonia,30
537,Alstonia congensis,Alstonia,30
550,Alstonia constricta,Alstonia,30
565,Alstonia coriacea,Alstonia,30
574,Alstonia costata,Alstonia,30
580,Alstonia deplanchei,Alstonia,30
584,Alstonia lanceolata,Alstonia,30
591,Alstonia lanceolifera,Alstonia,30
602,Alstonia legouixiae,Alstonia,30
607,Alstonia lenormandii,Alstonia,30
619,Alstonia longifolia,Alstonia,30
629,Alstonia macrophylla,Alstonia,30
747,Alstonia mairei,Alstonia,30
773,Alstonia muelleriana,Alstonia,30
793,Alstonia odontophora,Alstonia,30
798,Alstonia penangiana,Alstonia,30
801,Alstonia pneumatophora,Alstonia,30
820,Alstonia quaternata,Alstonia,30
827,Alstonia rostrata,Alstonia,30
859,Alstonia scholaris,Alstonia,30
965,Alstonia spatulata,Alstonia,30
994,Alstonia spectabilis,Alstonia,30
1004,Alstonia sphaerocapitata,Alstonia,30
1015,Alstonia venenata,Alstonia,30
1034,Alstonia yunnanensis,Alstonia,30
1073,Alyxia buxifolia,Alyxia,3
1076,Alyxia reinwardtii,Alyxia,3
1084,Alyxia sinensis,Alyxia,3
1087,Amaioua guianensis,Amaioua,1
1088,Amalocalyx microlobus,Amalocalyx,1
1091,Amsonia ciliata,Amsonia,6
1097,Amsonia elliptica,Amsonia,6
1119,Amsonia grandiflora,Amsonia,6
1127,Amsonia orientalis,Amsonia,6
1137,Amsonia tabernaemontana,Amsonia,6
1146,Amsonia tomentosa,Amsonia,6
1158,Anodendron affine,Anodendron,2
1222,Anodendron parviflorum,Anodendron,2
1224,Anthocleista djalonensis,Anthocleista,5
1237,Anthocleista grandiflora,Anthocleista,5
1242,Anthocleista nobilis,Anthocleista,5
1243,Anthocleista procera,Anthocleista,5
1245,Anthocleista vogelii,Anthocleista,5
1255,Antonia ovata,Antonia,1
1264,Apocynum androsaemifolium,Apocynum,4
1269,Apocynum cannabinum,Apocynum,4
1303,Apocynum pictum,Apocynum,4
1307,Apocynum venetum,Apocynum,4
1346,Apteranthes tuberculata,Apteranthes,1
1347,Araujia sericifera,Araujia,1
1383,Argostemma yappii,Argostemma,1
1387,Asclepias albicans,Asclepias,20
1391,Asclepias asperula,Asclepias,20
1397,Asclepias cordifolia,Asclepias,20
1402,Asclepias curassavica,Asclepias,20
1504,Asclepias eastwoodiana,Asclepias,20
1505,Asclepias eriocarpa,Asclepias,20
1512,Asclepias glaucescens,Asclepias,20
1516,Asclepias humistrata,Asclepias,20
1517,Asclepias incarnata,Asclepias,20
1576,Asclepias labriformis,Asclepias,20
1583,Asclepias latifolia,Asclepias,20
1586,Asclepias linaria,Asclepias,20
1593,Asclepias mellodora,Asclepias,20
1594,Asclepias ruthiae,Asclepias,20
1595,Asclepias speciosa,Asclepias,20
1612,Asclepias subulata,Asclepias,20
1624,Asclepias syriaca,Asclepias,20
1670,Asclepias tuberosa,Asclepias,20
1722,Asclepias vestita,Asclepias,20
1744,Asclepias viridis,Asclepias,20
1753,Asperula oppositifolia,Asperula,1
1758,Aspidosperma album,Aspidosperma,32
1759,Aspidosperma auriculatum,Aspidosperma,32
1761,Aspidosperma australe,Aspidosperma,32
1762,Aspidosperma carapanauba,Aspidosperma,32
1763,Aspidosperma cuspa,Aspidosperma,32
1764,Aspidosperma cylindrocarpon,Aspidosperma,32
1767,Aspidosperma desmanthum,Aspidosperma,32
1771,Aspidosperma discolor,Aspidosperma,32
1782,Aspidosperma duckei,Aspidosperma,32
1783,Aspidosperma eburneum,Aspidosperma,32
1792,Aspidosperma excelsum,Aspidosperma,32
1822,Aspidosperma formosanum,Aspidosperma,32
1827,Aspidosperma limae,Aspidosperma,32
1829,Aspidosperma macrocarpon,Aspidosperma,32
1832,Aspidosperma marcgravianum,Aspidosperma,32
1862,Aspidosperma megalocarpon,Aspidosperma,32
1866,Aspidosperma multiflorum,Aspidosperma,32
1871,Aspidosperma nigricans,Aspidosperma,32
1874,Aspidosperma oblongum,Aspidosperma,32
1882,Aspidosperma obscurinervium,Aspidosperma,32
1884,Aspidosperma olivaceum,Aspidosperma,32
1890,Aspidosperma pachypterum,Aspidosperma,32
1895,Aspidosperma parvifolium,Aspidosperma,32
1896,Aspidosperma polyneuron,Aspidosperma,32
1901,Aspidosperma pyricollum,Aspidosperma,32
1907,Aspidosperma pyrifolium,Aspidosperma,32
1925,Aspidosperma quebracho-blanco,Aspidosperma,32
1943,Aspidosperma ramiflorum,Aspidosperma,32
1947,Aspidosperma spruceanum,Aspidosperma,32
1950,Aspidosperma subincanum,Aspidosperma,32
1963,Aspidosperma tomentosum,Aspidosperma,32
1976,Aspidosperma ulei,Aspidosperma,32
1979,Baroniella acuminata,Baroniella,1
1984,Bathysa australis,Bathysa,1
1985,Beaumontia brevituba,Beaumontia,3
1992,Beaumontia grandiflora,Beaumontia,3
2001,Beaumontia murtonii,Beaumontia,3
2008,Benkara malabarica,Benkara,1
2009,Blackstonia perfoliata,Blackstonia,1
2019,Boucerosia umbellata,Boucerosia,1
2026,Bousigonia angustifolia,Bousigonia,2
2029,Bousigonia mekongensis,Bousigonia,2
2032,Bouvardia ternifolia,Bouvardia,1
2033,Breonadia salicina,Breonadia,1
2036,Breonia chinensis,Breonia,1
2048,Buchozia japonica,Buchozia,1
2049,Burchellia bubalina,Burchellia,1
2050,Callichilia barteri,Callichilia,3
2066,Callichilia inaequalis,Callichilia,3
2071,Callichilia subsessilis,Callichilia,3
2073,Calotropis gigantea,Calotropis,2
2093,Calotropis procera,Calotropis,2
2145,Calycophyllum spruceanum,Calycophyllum,1
2162,Canscora alata,Canscora,2
2189,Canscora diffusa,Canscora,2
2190,Canthium berberidifolium,Canthium,1
2221,Caralluma plicatiloba,Caralluma,2
2229,Caralluma stalagmifera,Caralluma,2
2234,Carapichea affinis,Carapichea,3
2243,Carapichea ipecacuanha,Carapichea,3
2319,Carapichea klugii,Carapichea,3
2329,Carissa carandas,Carissa,3
2337,Carissa macrocarpa,Carissa,3
2338,Carissa spinarum,Carissa,3
2386,Cascabela thevetia,Cascabela,2
2464,Cascabela thevetioides,Cascabela,2
2468,Catharanthus lanceus,Catharanthus,6
2480,Catharanthus longifolius,Catharanthus,6
2487,Catharanthus ovalis,Catharanthus,6
2509,Catharanthus pusillus,Catharanthus,6
2519,Catharanthus roseus,Catharanthus,6
2868,Catharanthus trichophyllus,Catharanthus,6
2897,Catunaregam nilotica,Catunaregam,3
2904,Catunaregam obovata,Catunaregam,3
2910,Catunaregam spinosa,Catunaregam,3
2945,Centaurium cachanlahuen,Centaurium,5
2947,Centaurium erythraea,Centaurium,5
2993,Centaurium littorale,Centaurium,5
2997,Centaurium pulchellum,Centaurium,5
3007,Centaurium quadrifolium,Centaurium,5
3012,Cephalanthus glabratus,Cephalanthus,5
3014,Cephalanthus natalensis,Cephalanthus,5
3019,Cephalanthus occidentalis,Cephalanthus,5
3044,Cephalanthus salicifolius,Cephalanthus,5
3045,Cephalanthus tetrandrus,Cephalanthus,5
3053,Cerbera floribunda,Cerbera,4
3056,Cerbera inflata,Cerbera,4
3059,Cerbera manghas,Cerbera,4
3120,Cerbera odollam,Cerbera,4
3145,Ceriscoides turgida,Ceriscoides,1
3146,Ceropegia juncea,Ceropegia,2
3148,Ceropegia variegata,Ceropegia,2
3172,Chassalia parvifolia,Chassalia,2
3175,Chassalia subcoriacea,Chassalia,2
3176,Chimarrhis cymosa,Chimarrhis,2
3177,Chimarrhis turbinata,Chimarrhis,2
3207,Chiococca alba,Chiococca,1
3230,Chione venosa,Chione,1
3241,Chironia baccifera,Chironia,4
3245,Chironia krebsii,Chironia,4
3266,Chironia palustris,Chironia,4
3271,Chironia purpurascens,Chironia,4
3276,Chonemorpha fragrans,Chonemorpha,1
3280,Ciliosemina pedunculata,Ciliosemina,2
3294,Ciliosemina purdieana,Ciliosemina,2
3325,Cinchona calisaya,Cinchona,3
3389,Cinchona officinalis,Cinchona,3
3395,Cinchona pubescens,Cinchona,3
3488,Coelospermum balansanum,Coelospermum,4
3493,Coelospermum decipiens,Coelospermum,4
3494,Coelospermum paniculatum,Coelospermum,4
3498,Coelospermum reticulatum,Coelospermum,4
3557,Coffea arabica,Coffea,22
3849,Coffea benghalensis,Coffea,22
3851,Coffea brevipes,Coffea,22
3852,Coffea canephora,Coffea,22
3957,Coffea charrieriana,Coffea,22
3965,Coffea congensis,Coffea,22
3975,Coffea eugenioides,Coffea,22
3994,Coffea homollei,Coffea,22
3996,Coffea humblotiana,Coffea,22
4004,Coffea humilis,Coffea,22
4012,Coffea kapakata,Coffea,22
4020,Coffea kianjavatensis,Coffea,22
4031,Coffea lancifolia,Coffea,22
4033,Coffea liberica,Coffea,22
4080,Coffea pseudozanguebariae,Coffea,22
4091,Coffea racemosa,Coffea,22
4113,Coffea salvatrix,Coffea,22
4135,Coffea sessiliflora,Coffea,22
4145,Coffea stenophylla,Coffea,22
4158,Coffea travancorensis,Coffea,22
4159,Coffea vianneyi,Coffea,22
4160,Coffea Ã— heterocalyx,Coffea,22
4165,Comastoma tenellum,Comastoma,1
4172,Coprosma acerosa,Coprosma,12
4177,Coprosma arborea,Coprosma,12
4178,Coprosma areolata,Coprosma,12
4180,Coprosma linariifolia,Coprosma,12
4182,Coprosma lucida,Coprosma,12
4191,Coprosma propinqua,Coprosma,12
4194,Coprosma pyrifolia,Coprosma,12
4195,Coprosma repens,Coprosma,12
4196,Coprosma robusta,Coprosma,12
4200,Coprosma rotundifolia,Coprosma,12
4203,Coprosma tenuicaulis,Coprosma,12
4205,Coprosma tenuifolia,Coprosma,12
4207,Coptosperma nigrescens,Coptosperma,1
4208,Cordiera macrophylla,Cordiera,2
4236,Cordiera sessilis,Cordiera,2
4257,Corynanthe johimbe,Corynanthe,4
4262,Corynanthe macroceras,Corynanthe,4
4265,Corynanthe pachyceras,Corynanthe,4
4272,Corynanthe paniculata,Corynanthe,4
4273,Coussarea brevicaulis,Coussarea,4
4284,Coussarea hydrangeifolia,Coussarea,4
4290,Coussarea macrophylla,Coussarea,4
4300,Coussarea paniculata,Coussarea,4
4315,Coutarea hexandra,Coutarea,1
4331,Coutoubea spicata,Coutoubea,1
4336,Craspidospermum verticillatum,Craspidospermum,1
4338,Crioceras dipladeniiflorus,Crioceras,1
4351,Crossopteryx febrifuga,Crossopteryx,1
4365,Crucianella graeca,Crucianella,2
4372,Crucianella maritima,Crucianella,2
4375,Cruciata glabra,Cruciata,4
4379,Cruciata laevipes,Cruciata,4
4388,Cruciata pedemontana,Cruciata,4
4394,Cruciata taurica,Cruciata,4
4412,Cruckshanksia pumila,Cruckshanksia,2
4414,Cruckshanksia verticillata,Cruckshanksia,2
4416,Cryptolepis buchananii,Cryptolepis,5
4425,Cryptolepis nigrescens,Cryptolepis,5
4446,Cryptolepis obtusa,Cryptolepis,5
4449,Cryptolepis sanguinolenta,Cryptolepis,5
4472,Cryptolepis sinensis,Cryptolepis,5
4473,Cryptostegia grandiflora,Cryptostegia,2
4500,Cryptostegia madagascariensis,Cryptostegia,2
4503,Curtia tenuifolia,Curtia,1
4509,Cyclocotyla congolensis,Cyclocotyla,1
4512,Cynanchum acutum,Cynanchum,13
4516,Cynanchum boudieri,Cynanchum,13
4550,Cynanchum bungei,Cynanchum,13
4565,Cynanchum gracillimum,Cynanchum,13
4568,Cynanchum grandidieri,Cynanchum,13
4569,Cynanchum liukiuense,Cynanchum,13
4570,Cynanchum maximoviczii,Cynanchum,13
4606,Cynanchum ovalifolium,Cynanchum,13
4610,Cynanchum polyanthum,Cynanchum,13
4616,Cynanchum rostellatum,Cynanchum,13
4635,Cynanchum thesioides,Cynanchum,13
4642,Cynanchum viminale,Cynanchum,13
4665,Cynanchum wilfordii,Cynanchum,13
4688,Cyrtophyllum fragrans,Cyrtophyllum,1
4694,Damnacanthus indicus,Damnacanthus,4
4706,Damnacanthus macrophyllus,Damnacanthus,4
4707,Damnacanthus major,Damnacanthus,4
4717,Damnacanthus officinarum,Damnacanthus,4
4718,Debia ovatifolia,Debia,1
4722,Decalepis hamiltonii,Decalepis,1
4730,Deppea blumenaviensis,Deppea,1
4731,Desmidorchis flava,Desmidorchis,3
4733,Desmidorchis penicillata,Desmidorchis,3
4739,Desmidorchis retrospiciens,Desmidorchis,3
4762,Dimetia capitellata,Dimetia,3
4777,Dimetia hedyotidea,Dimetia,3
4787,Dimetia scandens,Dimetia,3
4793,Dioecrescis erythroclada,Dioecrescis,1
4800,Diplorhynchus condylocarpon,Diplorhynchus,1
4803,Diplospora dubia,Diplospora,2
4857,Diplospora fruticosa,Diplospora,2
4870,Dischidanthus thyrsiflorus,Dischidanthus,1
4885,Dischidia formosana,Dischidia,1
4895,Diyaminauclea zeylanica,Diyaminauclea,1
4896,Dolichopentas longiflora,Dolichopentas,1
4908,Dunnia sinensis,Dunnia,1
4910,Duroia hirsuta,Duroia,1
4916,Dyera costulata,Dyera,1
4920,Echites panduratus,Echites,1
4921,Emmenopterys henryi,Emmenopterys,1
4923,Enicostema axillare,Enicostema,2
4925,Enicostema verticillatum,Enicostema,2
4926,Eumachia forsteriana,Eumachia,7
4936,Eumachia frutescens,Eumachia,7
4940,Eumachia leptothyrsa,Eumachia,7
4941,Eumachia lyciiflora,Eumachia,7
4946,Eumachia montana,Eumachia,7
4948,Eumachia oleoides,Eumachia,7
4958,Eumachia rostrata,Eumachia,7
4966,Eustoma russellianum,Eustoma,1
4988,Exacum affine,Exacum,2
4993,Exacum tetragonum,Exacum,2
4994,Exallage auricularia,Exallage,2
4999,Exallage chrysotricha,Exallage,2
5004,Exostema acuminatum,Exostema,2
5011,Exostema caribaeum,Exostema,2
5023,Fadogia ancylantha,Fadogia,1
5031,Fagraea auriculata,Fagraea,5
5034,Fagraea berteroana,Fagraea,5
5037,Fagraea blumei,Fagraea,5
5048,Fagraea ceilanica,Fagraea,5
5054,Fagraea gracilipes,Fagraea,5
5063,Faramea guianensis,Faramea,3
5065,Faramea multiflora,Faramea,3
5067,Faramea occidentalis,Faramea,3
5077,Feretia apodanthera,Feretia,1
5083,Forsteronia refracta,Forsteronia,1
5086,Frasera albicaulis,Frasera,4
5089,Frasera albomarginata,Frasera,4
5096,Frasera caroliniensis,Frasera,4
5100,Frasera speciosa,Frasera,4
5106,Funastrum clausum,Funastrum,1
5110,Funtumia africana,Funtumia,2
5112,Funtumia elastica,Funtumia,2
5120,Galianthe thalictroides,Galianthe,1
5130,Galium aegeum,Galium,24
5138,Galium album,Galium,24
5154,Galium aparine,Galium,24
5176,Galium glaucum,Galium,24
5178,Galium heldreichii,Galium,24
5184,Galium humifusum,Galium,24
5191,Galium hypocarpium,Galium,24
5193,Galium lovcense,Galium,24
5205,Galium macedonicum,Galium,24
5214,Galium maximoviczii,Galium,24
5217,Galium melanantherum,Galium,24
5224,Galium mirum,Galium,24
5232,Galium mollugo,Galium,24
5265,Galium odoratum,Galium,24
5283,Galium palustre,Galium,24
5286,Galium rhodopeum,Galium,24
5298,Galium rivale,Galium,24
5316,Galium rubioides,Galium,24
5323,Galium semiamictum,Galium,24
5325,Galium sinaicum,Galium,24
5363,Galium spurium,Galium,24
5375,Galium tricornutum,Galium,24
5377,Galium triflorum,Galium,24
5378,Galium verum,Galium,24
5428,Gardenia aubryi,Gardenia,25
5440,Gardenia carinata,Gardenia,25
5449,Gardenia collinsiae,Gardenia,25
5450,Gardenia coronaria,Gardenia,25
5454,Gardenia crameri,Gardenia,25
5457,Gardenia erubescens,Gardenia,25
5458,Gardenia fosbergii,Gardenia,25
5459,Gardenia gordonii,Gardenia,25
5461,Gardenia grievei,Gardenia,25
5462,Gardenia gummifera,Gardenia,25
5469,Gardenia hillii,Gardenia,25
5471,Gardenia imperialis,Gardenia,25
5474,Gardenia jasminoides,Gardenia,25
5625,Gardenia latifolia,Gardenia,25
5634,Gardenia obtusifolia,Gardenia,25
5646,Gardenia oudiepe,Gardenia,25
5657,Gardenia resinifera,Gardenia,25
5673,Gardenia saxatilis,Gardenia,25
5679,Gardenia sootepensis,Gardenia,25
5695,Gardenia storckii,Gardenia,25
5700,Gardenia taitensis,Gardenia,25
5701,Gardenia ternifolia,Gardenia,25
5703,Gardenia thailandica,Gardenia,25
5714,Gardenia tubifera,Gardenia,25
5733,Gardenia urvillei,Gardenia,25
5738,Gardneria angustifolia,Gardneria,4
5741,Gardneria multiflora,Gardneria,4
5750,Gardneria nutans,Gardneria,4
5756,Gardneria ovata,Gardneria,4
5772,Geissospermum argenteum,Geissospermum,3
5776,Geissospermum laeve,Geissospermum,3
5792,Geissospermum sericeum,Geissospermum,3
5805,Gelsemium elegans,Gelsemium,3
5915,Gelsemium rankinii,Gelsemium,3
5934,Gelsemium sempervirens,Gelsemium,3
5984,Geniostoma antherotrichum,Geniostoma,1
5987,Genipa americana,Genipa,2
6011,Genipa spruceana,Genipa,2
6041,Gentiana acaulis,Gentiana,60
6059,Gentiana algida,Gentiana,60
6093,Gentiana andrewsii,Gentiana,60
6094,Gentiana aquatica,Gentiana,60
6096,Gentiana argentea,Gentiana,60
6099,Gentiana arisanensis,Gentiana,60
6114,Gentiana asclepiadea,Gentiana,60
6134,Gentiana bavarica,Gentiana,60
6138,Gentiana brachyphylla,Gentiana,60
6166,Gentiana burseri,Gentiana,60
6171,Gentiana cephalantha,Gentiana,60
6173,Gentiana crassa,Gentiana,60
6211,Gentiana crassicaulis,Gentiana,60
6226,Gentiana cruciata,Gentiana,60
6233,Gentiana dahurica,Gentiana,60
6256,Gentiana davidi,Gentiana,60
6273,Gentiana decumbens,Gentiana,60
6280,Gentiana depressa,Gentiana,60
6292,Gentiana elwesii,Gentiana,60
6297,Gentiana formosa,Gentiana,60
6298,Gentiana gelida,Gentiana,60
6305,Gentiana kauffmanniana,Gentiana,60
6307,Gentiana kirilowii,Gentiana,60
6308,Gentiana kurroo,Gentiana,60
6316,Gentiana lawrencei,Gentiana,60
6323,Gentiana linearis,Gentiana,60
6334,Gentiana loureiroi,Gentiana,60
6349,Gentiana lutea,Gentiana,60
6481,Gentiana macrophylla,Gentiana,60
6531,Gentiana makinoi,Gentiana,60
6532,Gentiana manshurica,Gentiana,60
6542,Gentiana nivalis,Gentiana,60
6546,Gentiana officinalis,Gentiana,60
6552,Gentiana olgae,Gentiana,60
6554,Gentiana olivieri,Gentiana,60
6577,Gentiana pannonica,Gentiana,60
6581,Gentiana pedicellata,Gentiana,60
6601,Gentiana piasezkii,Gentiana,60
6602,Gentiana prolata,Gentiana,60
6607,Gentiana prostrata,Gentiana,60
6610,Gentiana punctata,Gentiana,60
6620,Gentiana purpurea,Gentiana,60
6627,Gentiana pyrenaica,Gentiana,60
6636,Gentiana robusta,Gentiana,60
6638,Gentiana rostanii,Gentiana,60
6640,Gentiana scabra,Gentiana,60
6681,Gentiana septemfida,Gentiana,60
6690,Gentiana sikkimensis,Gentiana,60
6695,Gentiana sino-ornata,Gentiana,60
6701,Gentiana siphonantha,Gentiana,60
6712,Gentiana spathacea,Gentiana,60
6713,Gentiana straminea,Gentiana,60
6766,Gentiana taliensis,Gentiana,60
6771,Gentiana terglouensis,Gentiana,60
6773,Gentiana thunbergii,Gentiana,60
6798,Gentiana tibetica,Gentiana,60
6818,Gentiana triflora,Gentiana,60
6844,Gentiana urnula,Gentiana,60
6845,Gentiana utriculosa,Gentiana,60
6852,Gentiana verna,Gentiana,60
6874,Gentianella alborosea,Gentianella,17
6875,Gentianella amarella,Gentianella,17
6890,Gentianella austriaca,Gentianella,17
6894,Gentianella azurea,Gentianella,17
6905,Gentianella bellidifolia,Gentianella,17
6908,Gentianella bulgarica,Gentianella,17
6914,Gentianella campestris,Gentianella,17
6950,Gentianella caucasea,Gentianella,17
6952,Gentianella florida,Gentianella,17
6958,Gentianella germanica,Gentianella,17
6970,Gentianella magellanica,Gentianella,17
6974,Gentianella multicaulis,Gentianella,17
6976,Gentianella nitida,Gentianella,17
6993,Gentianella ramosa,Gentianella,17
6995,Gentianella selaginifolia,Gentianella,17
6996,Gentianella serotina,Gentianella,17
7021,Gentianella turkestanorum,Gentianella,17
7026,Gentianopsis barbata,Gentianopsis,11
7053,Gentianopsis barbellata,Gentianopsis,11
7078,Gentianopsis ciliata,Gentianopsis,11
7103,Gentianopsis crinita,Gentianopsis,11
7126,Gentianopsis detonsa,Gentianopsis,11
7151,Gentianopsis grandis,Gentianopsis,11
7176,Gentianopsis lanceolata,Gentianopsis,11
7201,Gentianopsis paludosa,Gentianopsis,11
7237,Gentianopsis simplex,Gentianopsis,11
7262,Gentianopsis thermalis,Gentianopsis,11
7287,Gentianopsis virgata,Gentianopsis,11
7289,Gomphocarpus fruticosus,Gomphocarpus,3
7313,Gomphocarpus physocarpus,Gomphocarpus,3
7315,Gomphocarpus sinaicus,Gomphocarpus,3
7336,Gongronemopsis tenacissima,Gongronemopsis,1
7372,Gonioma kamassi,Gonioma,2
7375,Gonioma malagasy,Gonioma,2
7387,Guettarda angelica,Guettarda,7
7398,Guettarda grazielae,Guettarda,7
7400,Guettarda heterosepala,Guettarda,7
7402,Guettarda platypoda,Guettarda,7
7421,Guettarda pohliana,Guettarda,7
7422,Guettarda speciosa,Guettarda,7
7424,Guettarda trimera,Guettarda,7
7426,Guettardella putaminosa,Guettardella,1
7429,Gymnema sylvestre,Gymnema,1
7553,Gynochthodes jasminoides,Gynochthodes,4
7555,Gynochthodes officinalis,Gynochthodes,4
7603,Gynochthodes parvifolia,Gynochthodes,4
7616,Gynochthodes umbellata,Gynochthodes,4
7628,Halenia asclepiadea,Halenia,4
7629,Halenia corniculata,Halenia,4
7654,Halenia elata,Halenia,4
7661,Halenia elliptica,Halenia,4
7696,Hamelia magnifolia,Hamelia,2
7697,Hamelia patens,Hamelia,2
7709,Hancornia speciosa,Hancornia,1
7712,Haplophyton cimicidum,Haplophyton,2
7726,Haplophyton crooksii,Haplophyton,2
7736,Hedyotis acutangula,Hedyotis,4
7739,Hedyotis fruticosa,Hedyotis,4
7742,Hedyotis lawsoniae,Hedyotis,4
7778,Hedyotis pruinosa,Hedyotis,4
7781,Heinsia crinita,Heinsia,1
7784,Helia alata,Helia,2
7788,Helia alba,Helia,2
7821,Hemidesmus indicus,Hemidesmus,1
7844,Heterophyllaea pustulata,Heterophyllaea,1
7858,Heterostemma brownii,Heterostemma,1
7867,Himalrandia tetrasperma,Himalrandia,1
7876,Himatanthus articulatus,Himatanthus,4
7901,Himatanthus bracteatus,Himatanthus,4
7903,Himatanthus drasticus,Himatanthus,4
7909,Himatanthus phagedaenicus,Himatanthus,4
7912,Hintonia latiflora,Hintonia,2
7932,Hintonia standleyana,Hintonia,2
7949,Hoffmannia strigillosa,Hoffmannia,1
7970,Holarrhena congolensis,Holarrhena,5
7972,Holarrhena curtisii,Holarrhena,5
7979,Holarrhena floribunda,Holarrhena,5
8001,Holarrhena mitis,Holarrhena,5
8002,Holarrhena pubescens,Holarrhena,5
8068,Hoodia currorii,Hoodia,3
8075,Hoodia gordonii,Hoodia,3
8117,Hoodia ruschii,Hoodia,3
8124,Hoppea dichotoma,Hoppea,2
8131,Hoppea fastigiata,Hoppea,2
8133,Hoya australis,Hoya,18
8191,Hoya bandaensis,Hoya,18
8212,Hoya bella,Hoya,18
8233,Hoya carnosa,Hoya,18
8272,Hoya cinnamomifolia,Hoya,18
8293,Hoya coronaria,Hoya,18
8314,Hoya diversifolia,Hoya,18
8335,Hoya fraterna,Hoya,18
8356,Hoya imperialis,Hoya,18
8377,Hoya lacunosa,Hoya,18
8398,Hoya latifolia,Hoya,18
8419,Hoya longifolia,Hoya,18
8440,Hoya multiflora,Hoya,18
8461,Hoya naumannii,Hoya,18
8466,Hoya obovata,Hoya,18
8487,Hoya ovalifolia,Hoya,18
8506,Hoya shepherdii,Hoya,18
8527,Hoya tsangii,Hoya,18
8552,Hunteria camerunensis,Hunteria,4
8557,Hunteria congolana,Hunteria,4
8570,Hunteria umbellata,Hunteria,4
8606,Hunteria zeylanica,Hunteria,4
8656,Hydnophytum formicarum,Hydnophytum,1
8661,Hymenodictyon floribundum,Hymenodictyon,2
8669,Hymenodictyon orixense,Hymenodictyon,2
8694,Ichnocarpus frutescens,Ichnocarpus,1
8697,Isertia haenkeana,Isertia,3
8718,Isertia hypoleuca,Isertia,3
8723,Isertia pittieri,Isertia,3
8730,Ixanthus viscosus,Ixanthus,1
8736,Ixora chinensis,Ixora,7
8741,Ixora coccinea,Ixora,7
8779,Ixora finlaysoniana,Ixora,7
8781,Ixora foetida,Ixora,7
8782,Ixora javanica,Ixora,7
8785,Ixora pavetta,Ixora,7
8786,Ixora undulata,Ixora,7
8799,Jasminanthes mucronata,Jasminanthes,1
8824,Keetia multiflora,Keetia,1
8831,Kibatalia laurifolia,Kibatalia,3
8839,Kibatalia macrophylla,Kibatalia,3
8840,Kibatalia maingayi,Kibatalia,3
8846,Knoxia roxburghii,Knoxia,2
8851,Knoxia sumatrensis,Knoxia,2
8853,Kopsia arborea,Kopsia,16
8961,Kopsia dasyrachis,Kopsia,16
9011,Kopsia deverrei,Kopsia,16
9019,Kopsia flavida,Kopsia,16
9029,Kopsia fruticosa,Kopsia,16
9056,Kopsia grandifolia,Kopsia,16
9065,Kopsia griffithii,Kopsia,16
9094,Kopsia hainanensis,Kopsia,16
9112,Kopsia lapidilecta,Kopsia,16
9117,Kopsia larutensis,Kopsia,16
9126,Kopsia macrophylla,Kopsia,16
9132,Kopsia pauciflora,Kopsia,16
9174,Kopsia profunda,Kopsia,16
9184,Kopsia singapurensis,Kopsia,16
9252,Kopsia tenuis,Kopsia,16
9263,Kopsia teoi,Kopsia,16
9302,Ladenbergia oblongifolia,Ladenbergia,1
9304,Lamprothamnus zanguebaricus,Lamprothamnus,1
9306,Lasianthus acuminatissimus,Lasianthus,7
9317,Lasianthus attenuatus,Lasianthus,7
9319,Lasianthus curtisii,Lasianthus,7
9320,Lasianthus cyanocarpus,Lasianthus,7
9321,Lasianthus fordii,Lasianthus,7
9330,Lasianthus gardneri,Lasianthus,7
9341,Lasianthus obliquinervis,Lasianthus,7
9342,Leichhardtia rostrata,Leichhardtia,1
9348,Leptactina densiflora,Leptactina,1
9349,Leptadenia arborea,Leptadenia,5
9353,Leptadenia lanceolata,Leptadenia,5
9369,Leptadenia madagascariensis,Leptadenia,5
9373,Leptadenia pyrotechnica,Leptadenia,5
9390,Leptadenia reticulata,Leptadenia,5
9392,Leptopetalum biflorum,Leptopetalum,1
9405,Leptostigma arnottianum,Leptostigma,1
9406,Lerchea bracteata,Lerchea,1
9415,Leuconotis eugeniifolia,Leuconotis,2
9417,Leuconotis griffithii,Leuconotis,2
9462,Lisianthius jefensis,Lisianthius,2
9463,Lisianthius seemannii,Lisianthius,2
9464,Lomatogonium carinthiacum,Lomatogonium,2
9475,Lomatogonium rotatum,Lomatogonium,2
9480,Luculia pinceana,Luculia,1
9485,Macoubea guianensis,Macoubea,1
9487,Malouetia heudelotii,Malouetia,2
9489,Malouetia tamaquarina,Malouetia,2
9492,Mandevilla hirsuta,Mandevilla,5
9499,Mandevilla illustris,Mandevilla,5
9501,Mandevilla martiana,Mandevilla,5
9512,Mandevilla pavonii,Mandevilla,5
9518,Mandevilla pentlandiana,Mandevilla,5
9526,Marsdenia formosana,Marsdenia,7
9527,Marsdenia hainanensis,Marsdenia,7
9530,Marsdenia koi,Marsdenia,7
9533,Marsdenia oreophila,Marsdenia,7
9536,Marsdenia roylei,Marsdenia,7
9545,Marsdenia sinensis,Marsdenia,7
9547,Marsdenia tomentosa,Marsdenia,7
9585,Mascarenhasia arborescens,Mascarenhasia,1
9586,Matelea carolinensis,Matelea,2
9615,Matelea vailiana,Matelea,2
9617,Melanopsidium nigrum,Melanopsidium,1
9621,Melodinus acutiflorus,Melodinus,12
9623,Melodinus aeneus,Melodinus,12
9636,Melodinus australis,Melodinus,12
9641,Melodinus axillaris,Melodinus,12
9645,Melodinus balansae,Melodinus,12
9659,Melodinus cochinchinensis,Melodinus,12
9740,Melodinus fusiformis,Melodinus,12
9790,Melodinus orientalis,Melodinus,12
9791,Melodinus philliraeoides,Melodinus,12
9811,Melodinus reticulatus,Melodinus,12
9822,Melodinus scandens,Melodinus,12
9838,Melodinus tenuicaudatus,Melodinus,12
9856,Metagentiana rhodantha,Metagentiana,1
9890,Mexotis latifolia,Mexotis,1
9892,Microplumeria anomala,Microplumeria,1
9895,Mitchella repens,Mitchella,2
9902,Mitchella undulata,Mitchella,2
9903,Mitracarpus hirtus,Mitracarpus,1
9942,Mitragyna ciliata,Mitragyna,10
9943,Mitragyna diversifolia,Mitragyna,10
9952,Mitragyna hirsuta,Mitragyna,10
9971,Mitragyna inermis,Mitragyna,10
9999,Mitragyna parvifolia,Mitragyna,10
10010,Mitragyna rotundifolia,Mitragyna,10
10026,Mitragyna rubrostipulata,Mitragyna,10
10031,Mitragyna speciosa,Mitragyna,10
10077,Mitragyna stipulosa,Mitragyna,10
10094,Mitragyna tubulosa,Mitragyna,10
10098,Mondia whitei,Mondia,1
10123,Morinda angustifolia,Morinda,9
10131,Morinda citrifolia,Morinda,9
10325,Morinda coreia,Morinda,9
10344,Morinda elliptica,Morinda,9
10360,Morinda longiflora,Morinda,9
10363,Morinda lucida,Morinda,9
10387,Morinda morindoides,Morinda,9
10417,Morinda persicifolia,Morinda,9
10425,Morinda tomentosa,Morinda,9
10428,Mostuea brunonis,Mostuea,1
10444,Mussaenda hirsutissima,Mussaenda,5
10452,Mussaenda macrophylla,Mussaenda,5
10463,Mussaenda parviflora,Mussaenda,5
10467,Mussaenda pubescens,Mussaenda,5
10494,Mussaenda shikokiana,Mussaenda,5
10498,Mycetia nutans,Mycetia,1
10507,Nauclea diderrichii,Nauclea,6
10536,Nauclea latifolia,Nauclea,6
10548,Nauclea officinalis,Nauclea,6
10565,Nauclea orientalis,Nauclea,6
10593,Nauclea parva,Nauclea,6
10594,Nauclea pobeguinii,Nauclea,6
10602,Neolamarckia cadamba,Neolamarckia,1
10623,Neonauclea calycina,Neonauclea,4
10631,Neonauclea media,Neonauclea,4
10658,Neonauclea purpurea,Neonauclea,4
10674,Neonauclea sessilifolia,Neonauclea,4
10716,Nerium oleander,Nerium,1
10829,Nernstia mexicana,Nernstia,1
10836,Notopleura camponutans,Notopleura,1
10838,Ochrosia acuminata,Ochrosia,17
10848,Ochrosia alyxioides,Ochrosia,17
10856,Ochrosia balansae,Ochrosia,17
10859,Ochrosia borbonica,Ochrosia,17
10862,Ochrosia coccinea,Ochrosia,17
10864,Ochrosia compta,Ochrosia,17
10867,Ochrosia elliptica,Ochrosia,17
10886,Ochrosia glomerata,Ochrosia,17
10892,Ochrosia kilneri,Ochrosia,17
10897,Ochrosia lifuana,Ochrosia,17
10902,Ochrosia miana,Ochrosia,17
10904,Ochrosia moorei,Ochrosia,17
10926,Ochrosia mulsantii,Ochrosia,17
10928,Ochrosia oppositifolia,Ochrosia,17
10932,Ochrosia poweri,Ochrosia,17
10937,Ochrosia silvatica,Ochrosia,17
10940,Ochrosia vitiensis,Ochrosia,17
10945,Odontadenia semidigyna,Odontadenia,1
10947,Oldenlandia corymbosa,Oldenlandia,4
10968,Oldenlandia herbacea,Oldenlandia,4
10994,Oldenlandia lactea,Oldenlandia,4
10995,Oldenlandia umbellata,Oldenlandia,4
11000,Oncinotis tenuiloba,Oncinotis,1
11006,Ophiorrhiza acuminata,Ophiorrhiza,20
11009,Ophiorrhiza blumeana,Ophiorrhiza,20
11014,Ophiorrhiza bracteata,Ophiorrhiza,20
11016,Ophiorrhiza discolor,Ophiorrhiza,20
11018,Ophiorrhiza ferruginea,Ophiorrhiza,20
11021,Ophiorrhiza filistipula,Ophiorrhiza,20
11026,Ophiorrhiza hayatana,Ophiorrhiza,20
11033,Ophiorrhiza japonica,Ophiorrhiza,20
11040,Ophiorrhiza kunstleri,Ophiorrhiza,20
11043,Ophiorrhiza kuroiwae,Ophiorrhiza,20
11079,Ophiorrhiza longiflora,Ophiorrhiza,20
11080,Ophiorrhiza marginata,Ophiorrhiza,20
11081,Ophiorrhiza mungos,Ophiorrhiza,20
11085,Ophiorrhiza nutans,Ophiorrhiza,20
11086,Ophiorrhiza pectinata,Ophiorrhiza,20
11087,Ophiorrhiza pumila,Ophiorrhiza,20
11127,Ophiorrhiza rosacea,Ophiorrhiza,20
11128,Ophiorrhiza rosea,Ophiorrhiza,20
11129,Ophiorrhiza rugosa,Ophiorrhiza,20
11131,Ophiorrhiza shendurunii,Ophiorrhiza,20
11132,Orbea variegata,Orbea,1
11163,Orphium frutescens,Orphium,1
11168,Orthanthera viminea,Orthanthera,1
11171,Orthosia guilleminiana,Orthosia,1
11213,Oxyanthus pallidus,Oxyanthus,3
11215,Oxyanthus pyriformis,Oxyanthus,3
11218,Oxyanthus speciosus,Oxyanthus,3
11221,Oxyceros horridus,Oxyceros,1
11227,Oxystelma esculentum,Oxystelma,1
11240,Paederia foetida,Paederia,1
11273,Palicourea acuminata,Palicourea,24
11279,Palicourea adusta,Palicourea,24
11282,Palicourea alpina,Palicourea,24
11285,Palicourea colorata,Palicourea,24
11295,Palicourea coriacea,Palicourea,24
11305,Palicourea correae,Palicourea,24
11319,Palicourea crocea,Palicourea,24
11321,Palicourea croceoides,Palicourea,24
11322,Palicourea cyanococca,Palicourea,24
11325,Palicourea dichroa,Palicourea,24
11331,Palicourea elata,Palicourea,24
11332,Palicourea glomerulata,Palicourea,24
11335,Palicourea hoffmannseggiana,Palicourea,24
11338,Palicourea lasiantha,Palicourea,24
11352,Palicourea marcgravii,Palicourea,24
11354,Palicourea muscosa,Palicourea,24
11357,Palicourea padifolia,Palicourea,24
11359,Palicourea prunifolia,Palicourea,24
11360,Palicourea rigida,Palicourea,24
11361,Palicourea semirasa,Palicourea,24
11363,Palicourea sessilis,Palicourea,24
11364,Palicourea suerrensis,Palicourea,24
11365,Palicourea tsakiana,Palicourea,24
11368,Palicourea winkleri,Palicourea,24
11371,Parahancornia amara,Parahancornia,2
11377,Parahancornia fasciculata,Parahancornia,2
11384,Parepigynum funingense,Parepigynum,1
11400,Parsonsia alboflavescens,Parsonsia,4
11422,Parsonsia eucalyptophylla,Parsonsia,4
11423,Parsonsia heterophylla,Parsonsia,4
11424,Parsonsia straminea,Parsonsia,4
11425,Pauridiantha liebrechtsiana,Pauridiantha,2
11427,Pauridiantha paucinervis,Pauridiantha,2
11430,Pavetta indica,Pavetta,2
11437,Pavetta owariensis,Pavetta,2
11458,Pentagonia gigantifolia,Pentagonia,1
11461,Pentalinon andrieuxii,Pentalinon,2
11463,Pentalinon luteum,Pentalinon,2
11466,Pentanisia prunelloides,Pentanisia,1
11468,Pentas lanceolata,Pentas,3
11476,Pentas micrantha,Pentas,3
11478,Pentas suswaensis,Pentas,3
11483,Pergularia daemia,Pergularia,2
11488,Pergularia tomentosa,Pergularia,2
11515,Periploca aphylla,Periploca,6
11523,Periploca calophylla,Periploca,6
11527,Periploca forrestii,Periploca,6
11559,Periploca graeca,Periploca,6
11578,Periploca laevigata,Periploca,6
11592,Periploca sepium,Periploca,6
11678,Petchia ceylanica,Petchia,3
11691,Petchia erythrocarpa,Petchia,3
11698,Petchia madagascariensis,Petchia,3
11706,Picralima nitida,Picralima,1
11722,Pleiocarpa mutica,Pleiocarpa,2
11734,Pleiocarpa pycnantha,Pleiocarpa,2
11746,Plocama calabrica,Plocama,2
11768,Plocama pendula,Plocama,2
11820,Plumeria alba,Plumeria,3
11826,Plumeria obtusa,Plumeria,3
11885,Plumeria rubra,Plumeria,3
11995,Pogonopus speciosus,Pogonopus,2
12001,Pogonopus tubulosus,Pogonopus,2
12006,Posoqueria latifolia,Posoqueria,1
12008,Potalia amara,Potalia,1
12013,Prestonia amazonica,Prestonia,1
12014,Prismatomeris fragrans,Prismatomeris,3
12019,Prismatomeris sessiliflora,Prismatomeris,3
12021,Prismatomeris tetrandra,Prismatomeris,3
12033,Psychotria adenophylla,Psychotria,15
12037,Psychotria asiatica,Psychotria,15
12040,Psychotria bahiensis,Psychotria,15
12047,Psychotria brachyceras,Psychotria,15
12049,Psychotria calocarpa,Psychotria,15
12050,Psychotria horizontalis,Psychotria,15
12051,Psychotria leiocarpa,Psychotria,15
12052,Psychotria malayana,Psychotria,15
12054,Psychotria manillensis,Psychotria,15
12055,Psychotria milnei,Psychotria,15
12063,Psychotria nervosa,Psychotria,15
12064,Psychotria punctata,Psychotria,15
12065,Psychotria serpens,Psychotria,15
12069,Psychotria suterella,Psychotria,15
12072,Psychotria viridis,Psychotria,15
12078,Psydrax dicoccos,Psydrax,5
12080,Psydrax lividus,Psydrax,5
12085,Psydrax schimperianus,Psydrax,5
12088,Psydrax splendens,Psydrax,5
12089,Psydrax subcordatus,Psydrax,5
12097,Pyrostria major,Pyrostria,1
12108,Rauvolfia bahiensis,Rauvolfia,32
12123,Rauvolfia balansae,Rauvolfia,32
12135,Rauvolfia biauriculata,Rauvolfia,32
12143,Rauvolfia caffra,Rauvolfia,32
12179,Rauvolfia cambodiana,Rauvolfia,32
12185,Rauvolfia cubana,Rauvolfia,32
12191,Rauvolfia grandiflora,Rauvolfia,32
12198,Rauvolfia hookeri,Rauvolfia,32
12199,Rauvolfia ligustrina,Rauvolfia,32
12201,Rauvolfia linearifolia,Rauvolfia,32
12203,Rauvolfia littoralis,Rauvolfia,32
12211,Rauvolfia mannii,Rauvolfia,32
12242,Rauvolfia mattfeldiana,Rauvolfia,32
12246,Rauvolfia media,Rauvolfia,32
12251,Rauvolfia mombasiana,Rauvolfia,32
12261,Rauvolfia nitida,Rauvolfia,32
12269,Rauvolfia obscura,Rauvolfia,32
12271,Rauvolfia salicifolia,Rauvolfia,32
12280,Rauvolfia sandwicensis,Rauvolfia,32
12285,Rauvolfia schuelii,Rauvolfia,32
12286,Rauvolfia sellowii,Rauvolfia,32
12300,Rauvolfia semperflorens,Rauvolfia,32
12306,Rauvolfia serpentina,Rauvolfia,32
12392,Rauvolfia sevenetii,Rauvolfia,32
12397,Rauvolfia spathulata,Rauvolfia,32
12403,Rauvolfia sprucei,Rauvolfia,32
12409,Rauvolfia sumatrana,Rauvolfia,32
12423,Rauvolfia tetraphylla,Rauvolfia,32
12443,Rauvolfia verticillata,Rauvolfia,32
12471,Rauvolfia viridis,Rauvolfia,32
12473,Rauvolfia volkensii,Rauvolfia,32
12507,Rauvolfia vomitoria,Rauvolfia,32
12545,Rennellia elliptica,Rennellia,1
12558,Rhazya stricta,Rhazya,1
12615,Rhodopentas bussei,Rhodopentas,2
12625,Rhodopentas parvifolia,Rhodopentas,2
12627,Richardia brasiliensis,Richardia,3
12630,Richardia grandiflora,Richardia,3
12635,Richardia scabra,Richardia,3
12636,Ridsdalea wittii,Ridsdalea,1
12639,Rondeletia panamensis,Rondeletia,1
12642,Rosenbergiodendron formosum,Rosenbergiodendron,2
12656,Rosenbergiodendron longiflorum,Rosenbergiodendron,2
12658,Rothmannia globosa,Rothmannia,3
12670,Rothmannia longiflora,Rothmannia,3
12674,Rothmannia urcelliformis,Rothmannia,3
12676,Rubia alata,Rubia,10
12686,Rubia argyi,Rubia,10
12713,Rubia cordifolia,Rubia,10
12821,Rubia manjith,Rubia,10
12823,Rubia oncotricha,Rubia,10
12845,Rubia peregrina,Rubia,10
12847,Rubia schumanniana,Rubia,10
12851,Rubia tinctorum,Rubia,10
12899,Rubia wallichiana,Rubia,10
12942,Rubia yunnanensis,Rubia,10
13070,Rudgea jasminoides,Rudgea,2
13076,Rudgea viburnoides,Rudgea,2
13083,Ruehssia cundurango,Ruehssia,1
13089,Salzmannia nitida,Salzmannia,1
13090,Saprosma fragrans,Saprosma,2
13092,Saprosma scortechinii,Saprosma,2
13123,Sarcolobus globosus,Sarcolobus,1
13144,Schenkia spicata,Schenkia,1
13168,Schizozygia coffeoides,Schizozygia,1
13181,Schultesia guianensis,Schultesia,1
13184,Schumanniophyton magnificum,Schumanniophyton,2
13199,Schumanniophyton problematicum,Schumanniophyton,2
13208,Scleromitrion diffusum,Scleromitrion,3
13276,Scleromitrion tenelliflorum,Scleromitrion,3
13280,Scleromitrion verticillatum,Scleromitrion,3
13281,Scyphiphora hydrophylacea,Scyphiphora,1
13301,Secamone afzelii,Secamone,1
13317,Sherardia arvensis,Sherardia,1
13320,Simira eliezeriana,Simira,8
13325,Simira maxonii,Simira,8
13326,Simira mexicana,Simira,8
13328,Simira rubescens,Simira,8
13334,Simira rubra,Simira,8
13335,Simira salvadorensis,Simira,8
13337,Simira tinctoria,Simira,8
13343,Simira williamsii,Simira,8
13354,Singaporandia macrophylla,Singaporandia,1
13360,Sinomarsdenia incisa,Sinomarsdenia,1
13366,Skytanthus acutus,Skytanthus,1
13367,Solenandra mexicana,Solenandra,1
13380,Solenostemma arghel,Solenostemma,1
13431,Spermacoce alata,Spermacoce,9
13433,Spermacoce articularis,Spermacoce,9
13438,Spermacoce capitata,Spermacoce,9
13440,Spermacoce latifolia,Spermacoce,9
13447,Spermacoce ocymoides,Spermacoce,9
13454,Spermacoce pusilla,Spermacoce,9
13477,Spermacoce remota,Spermacoce,9
13478,Spermacoce tenuior,Spermacoce,9
13479,Spermacoce verticillata,Spermacoce,9
13491,Spigelia anthelmia,Spigelia,1
13495,Stapelia gigantea,Stapelia,2
13496,Stapelia hirsuta,Stapelia,2
13498,Stenostomum acreanum,Stenostomum,5
13508,Stenostomum acutatum,Stenostomum,5
13516,Stenostomum lucidum,Stenostomum,5
13520,Stenostomum portoricense,Stenostomum,5
13522,Stenostomum resinosum,Stenostomum,5
13524,Stephanotis floribunda,Stephanotis,2
13525,Stephanotis volubilis,Stephanotis,2
13551,Strempeliopsis strempelioides,Strempeliopsis,1
13575,Streptocaulon juventas,Streptocaulon,1
13598,Strophanthus boivinii,Strophanthus,10
13605,Strophanthus courmontii,Strophanthus,10
13607,Strophanthus divaricatus,Strophanthus,10
13621,Strophanthus eminii,Strophanthus,10
13628,Strophanthus gratus,Strophanthus,10
13635,Strophanthus hispidus,Strophanthus,10
13642,Strophanthus kombe,Strophanthus,10
13669,Strophanthus nicholsonii,Strophanthus,10
13671,Strophanthus sarmentosus,Strophanthus,10
13677,Strophanthus thollonii,Strophanthus,10
13678,Strumpfia maritima,Strumpfia,1
13693,Strychnos aculeata,Strychnos,89
13696,Strychnos afzelii,Strychnos,89
13700,Strychnos amazonica,Strychnos,89
13705,Strychnos angolensis,Strychnos,89
13721,Strychnos angustiflora,Strychnos,89
13735,Strychnos atlantica,Strychnos,89
13741,Strychnos axillaris,Strychnos,89
13781,Strychnos barnhartiana,Strychnos,89
13782,Strychnos barteri,Strychnos,89
13783,Strychnos boonei,Strychnos,89
13784,Strychnos brachiata,Strychnos,89
13785,Strychnos brasiliensis,Strychnos,89
13787,Strychnos camptoneura,Strychnos,89
13793,Strychnos castelnaeana,Strychnos,89
13795,Strychnos cathayensis,Strychnos,89
13807,Strychnos chrysophylla,Strychnos,89
13809,Strychnos cocculoides,Strychnos,89
13822,Strychnos congolana,Strychnos,89
13823,Strychnos dale,Strychnos,89
13828,Strychnos decussata,Strychnos,89
13839,Strychnos densiflora,Strychnos,89
13840,Strychnos diaboli,Strychnos,89
13841,Strychnos dinklagei,Strychnos,89
13845,Strychnos diplotricha,Strychnos,89
13852,Strychnos divaricans,Strychnos,89
13859,Strychnos dolichothyrsa,Strychnos,89
13873,Strychnos elaeocarpa,Strychnos,89
13878,Strychnos erichsonii,Strychnos,89
13881,Strychnos fendleri,Strychnos,89
13890,Strychnos floribunda,Strychnos,89
13891,Strychnos froesii,Strychnos,89
13894,Strychnos gardneri,Strychnos,89
13896,Strychnos gossweileri,Strychnos,89
13903,Strychnos guianensis,Strychnos,89
13924,Strychnos henningsii,Strychnos,89
13959,Strychnos hirsuta,Strychnos,89
13961,Strychnos icaja,Strychnos,89
14010,Strychnos ignatii,Strychnos,89
14026,Strychnos jobertiana,Strychnos,89
14029,Strychnos johnsonii,Strychnos,89
14055,Strychnos kasengaensis,Strychnos,89
14063,Strychnos ledermannii,Strychnos,89
14066,Strychnos longicaudata,Strychnos,89
14075,Strychnos lucens,Strychnos,89
14079,Strychnos lucida,Strychnos,89
14119,Strychnos madagascariensis,Strychnos,89
14123,Strychnos malacoclados,Strychnos,89
14124,Strychnos matopensis,Strychnos,89
14142,Strychnos mattogrossensis,Strychnos,89
14145,Strychnos medeola,Strychnos,89
14146,Strychnos melinoniana,Strychnos,89
14150,Strychnos mellodora,Strychnos,89
14160,Strychnos mimfiensis,Strychnos,89
14168,Strychnos minor,Strychnos,89
14171,Strychnos mitis,Strychnos,89
14176,Strychnos mitscherlichii,Strychnos,89
14180,Strychnos moandaensis,Strychnos,89
14181,Strychnos myrtoides,Strychnos,89
14190,Strychnos ngouniensis,Strychnos,89
14206,Strychnos nigritana,Strychnos,89
14208,Strychnos nitida,Strychnos,89
14210,Strychnos nux-blanda,Strychnos,89
14211,Strychnos nux-vomica,Strychnos,89
14289,Strychnos panamensis,Strychnos,89
14294,Strychnos panganensis,Strychnos,89
14304,Strychnos parvifolia,Strychnos,89
14305,Strychnos potatorum,Strychnos,89
14339,Strychnos pseudoquina,Strychnos,89
14347,Strychnos psilosperma,Strychnos,89
14352,Strychnos romeu-belenii,Strychnos,89
14353,Strychnos rondeletioides,Strychnos,89
14354,Strychnos rubiginosa,Strychnos,89
14357,Strychnos solimoesana,Strychnos,89
14360,Strychnos soubrensis,Strychnos,89
14363,Strychnos spinosa,Strychnos,89
14440,Strychnos splendens,Strychnos,89
14442,Strychnos staudtii,Strychnos,89
14447,Strychnos subcordata,Strychnos,89
14448,Strychnos tabascana,Strychnos,89
14450,Strychnos tchibangensis,Strychnos,89
14453,Strychnos toxifera,Strychnos,89
14466,Strychnos tricalysioides,Strychnos,89
14471,Strychnos trinervis,Strychnos,89
14480,Strychnos urceolata,Strychnos,89
14481,Strychnos usambarensis,Strychnos,89
14514,Strychnos vanprukii,Strychnos,89
14530,Strychnos variabilis,Strychnos,89
14559,Strychnos wallichiana,Strychnos,89
14585,Strychnos xantha,Strychnos,89
14596,Swertia alata,Swertia,50
14597,Swertia angustifolia,Swertia,50
14613,Swertia arisanensis,Swertia,50
14616,Swertia bimaculata,Swertia,50
14620,Swertia brownii,Swertia,50
14637,Swertia chirayita,Swertia,50
14674,Swertia cincta,Swertia,50
14678,Swertia connata,Swertia,50
14679,Swertia cordata,Swertia,50
14680,Swertia corymbosa,Swertia,50
14692,Swertia cuneata,Swertia,50
14693,Swertia davidii,Swertia,50
14698,Swertia decora,Swertia,50
14706,Swertia delavayi,Swertia,50
14710,Swertia densifolia,Swertia,50
14714,Swertia dilatata,Swertia,50
14722,Swertia diluta,Swertia,50
14728,Swertia erythrosticta,Swertia,50
14734,Swertia fasciculata,Swertia,50
14739,Swertia franchetiana,Swertia,50
14752,Swertia hickinii,Swertia,50
14753,Swertia hookeri,Swertia,50
14766,Swertia iberica,Swertia,50
14772,Swertia japonica,Swertia,50
14899,Swertia kouitchensis,Swertia,50
14913,Swertia lawii,Swertia,50
14918,Swertia leducii,Swertia,50
14939,Swertia longifolia,Swertia,50
14946,Swertia macrosperma,Swertia,50
14958,Swertia marginata,Swertia,50
14960,Swertia mileensis,Swertia,50
14988,Swertia mussotii,Swertia,50
14998,Swertia nervosa,Swertia,50
15009,Swertia paniculata,Swertia,50
15027,Swertia patens,Swertia,50
15031,Swertia perennis,Swertia,50
15046,Swertia petiolata,Swertia,50
15056,Swertia przewalskii,Swertia,50
15057,Swertia pseudochinensis,Swertia,50
15077,Swertia pubescens,Swertia,50
15086,Swertia punctata,Swertia,50
15098,Swertia punicea,Swertia,50
15132,Swertia purpurascens,Swertia,50
15147,Swertia racemosa,Swertia,50
15154,Swertia souliei,Swertia,50
15159,Swertia speciosa,Swertia,50
15174,Swertia swertopsis,Swertia,50
15182,Swertia tetrapetala,Swertia,50
15187,Swertia thomsonii,Swertia,50
15189,Swertia verticillifolia,Swertia,50
15191,Syringantha coulteri,Syringantha,1
15207,Tabernaemontana africana,Tabernaemontana,75
15239,Tabernaemontana alba,Tabernaemontana,75
15254,Tabernaemontana alternifolia,Tabernaemontana,75
15283,Tabernaemontana amygdalifolia,Tabernaemontana,75
15291,Tabernaemontana apoda,Tabernaemontana,75
15308,Tabernaemontana arborea,Tabernaemontana,75
15318,Tabernaemontana attenuata,Tabernaemontana,75
15334,Tabernaemontana aurantiaca,Tabernaemontana,75
15338,Tabernaemontana bovina,Tabernaemontana,75
15406,Tabernaemontana brachyantha,Tabernaemontana,75
15411,Tabernaemontana bufalina,Tabernaemontana,75
15432,Tabernaemontana calcarea,Tabernaemontana,75
15468,Tabernaemontana capuronii,Tabernaemontana,75
15470,Tabernaemontana catharinensis,Tabernaemontana,75
15526,Tabernaemontana cerifera,Tabernaemontana,75
15539,Tabernaemontana ciliata,Tabernaemontana,75
15548,Tabernaemontana citrifolia,Tabernaemontana,75
15570,Tabernaemontana coffeoides,Tabernaemontana,75
15619,Tabernaemontana contorta,Tabernaemontana,75
15627,Tabernaemontana coriacea,Tabernaemontana,75
15630,Tabernaemontana corymbosa,Tabernaemontana,75
15734,Tabernaemontana crassa,Tabernaemontana,75
15764,Tabernaemontana crassifolia,Tabernaemontana,75
15767,Tabernaemontana cymosa,Tabernaemontana,75
15820,Tabernaemontana debrayi,Tabernaemontana,75
15825,Tabernaemontana dichotoma,Tabernaemontana,75
15864,Tabernaemontana divaricata,Tabernaemontana,75
15990,Tabernaemontana donnell-smithii,Tabernaemontana,75
15991,Tabernaemontana eglandulosa,Tabernaemontana,75
16028,Tabernaemontana elegans,Tabernaemontana,75
16053,Tabernaemontana eusepala,Tabernaemontana,75
16058,Tabernaemontana eusepaloides,Tabernaemontana,75
16059,Tabernaemontana flavicans,Tabernaemontana,75
16074,Tabernaemontana glabra,Tabernaemontana,75
16084,Tabernaemontana glandulosa,Tabernaemontana,75
16098,Tabernaemontana grandiflora,Tabernaemontana,75
16115,Tabernaemontana heterophylla,Tabernaemontana,75
16136,Tabernaemontana humblotii,Tabernaemontana,75
16152,Tabernaemontana hystrix,Tabernaemontana,75
16187,Tabernaemontana inconspicua,Tabernaemontana,75
16196,Tabernaemontana laeta,Tabernaemontana,75
16223,Tabernaemontana laurifolia,Tabernaemontana,75
16226,Tabernaemontana litoralis,Tabernaemontana,75
16230,Tabernaemontana longipes,Tabernaemontana,75
16234,Tabernaemontana macrocalyx,Tabernaemontana,75
16241,Tabernaemontana macrocarpa,Tabernaemontana,75
16250,Tabernaemontana markgrafiana,Tabernaemontana,75
16269,Tabernaemontana mocquerysi,Tabernaemontana,75
16282,Tabernaemontana muricata,Tabernaemontana,75
16285,Tabernaemontana odoratissima,Tabernaemontana,75
16294,Tabernaemontana oppositifolia,Tabernaemontana,75
16298,Tabernaemontana pachysiphon,Tabernaemontana,75
16349,Tabernaemontana pandacaqui,Tabernaemontana,75
16391,Tabernaemontana pauciflora,Tabernaemontana,75
16396,Tabernaemontana peduncularis,Tabernaemontana,75
16403,Tabernaemontana penduliflora,Tabernaemontana,75
16411,Tabernaemontana persicariifolia,Tabernaemontana,75
16415,Tabernaemontana peschiera,Tabernaemontana,75
16419,Tabernaemontana polyneura,Tabernaemontana,75
16436,Tabernaemontana psorocarpa,Tabernaemontana,75
16447,Tabernaemontana retusa,Tabernaemontana,75
16460,Tabernaemontana robinsonii,Tabernaemontana,75
16466,Tabernaemontana rupicola,Tabernaemontana,75
16468,Tabernaemontana sananho,Tabernaemontana,75
16474,Tabernaemontana sessilifolia,Tabernaemontana,75
16486,Tabernaemontana siphilitica,Tabernaemontana,75
16507,Tabernaemontana solanifolia,Tabernaemontana,75
16521,Tabernaemontana sphaerocarpa,Tabernaemontana,75
16536,Tabernaemontana stapfiana,Tabernaemontana,75
16555,Tabernaemontana stellata,Tabernaemontana,75
16556,Tabernaemontana ternifolia,Tabernaemontana,75
16557,Tabernaemontana tomentosa,Tabernaemontana,75
16559,Tabernaemontana undulata,Tabernaemontana,75
16570,Tabernaemontana vanheurckii,Tabernaemontana,75
16587,Tabernaemontana ventricosa,Tabernaemontana,75
16596,Tabernanthe iboga,Tabernanthe,1
16616,Tamilnadia uliginosa,Tamilnadia,1
16632,Tarenna asiatica,Tarenna,5
16633,Tarenna attenuata,Tarenna,5
16697,Tarenna ebracteata,Tarenna,5
16707,Tarenna gracilipes,Tarenna,5
16719,Tarenna vanprukii,Tarenna,5
16720,Telosma pallida,Telosma,2
16726,Telosma procumbens,Telosma,2
16744,Thevetia ahouai,Thevetia,1
16757,Thiollierea montana,Thiollierea,1
16759,Timonius kaniensis,Timonius,2
16761,Timonius timon,Timonius,2
16764,Tinadendron noumeanum,Tinadendron,1
16771,Tocoyena bullata,Tocoyena,2
16772,Tocoyena formosa,Tocoyena,2
16788,Trachelospermum asiaticum,Trachelospermum,4
16860,Trachelospermum axillare,Trachelospermum,4
16874,Trachelospermum jasminoides,Trachelospermum,4
16915,Trachelospermum lucidum,Trachelospermum,4
16921,Tricalysia okelensis,Tricalysia,1
16923,Tripterospermum chinense,Tripterospermum,4
16931,Tripterospermum lanceolatum,Tripterospermum,4
16950,Tripterospermum taiwanense,Tripterospermum,4
16956,Tripterospermum trinervium,Tripterospermum,4
16985,Uncaria acida,Uncaria,27
16987,Uncaria africana,Uncaria,27
16992,Uncaria attenuata,Uncaria,27
17009,Uncaria bernaysii,Uncaria,27
17011,Uncaria borneensis,Uncaria,27
17017,Uncaria callophylla,Uncaria,27
17032,Uncaria canescens,Uncaria,27
17034,Uncaria cordata,Uncaria,27
17038,Uncaria elliptica,Uncaria,27
17068,Uncaria gambir,Uncaria,27
17088,Uncaria guianensis,Uncaria,27
17102,Uncaria hirsuta,Uncaria,27
17124,Uncaria homomalla,Uncaria,27
17130,Uncaria laevigata,Uncaria,27
17133,Uncaria lancifolia,Uncaria,27
17137,Uncaria lanosa,Uncaria,27
17152,Uncaria longiflora,Uncaria,27
17162,Uncaria macrophylla,Uncaria,27
17173,Uncaria orientalis,Uncaria,27
17180,Uncaria perrottetii,Uncaria,27
17181,Uncaria rhynchophylla,Uncaria,27
17237,Uncaria scandens,Uncaria,27
17241,Uncaria sessilifructus,Uncaria,27
17245,Uncaria sinensis,Uncaria,27
17273,Uncaria sterrophylla,Uncaria,27
17274,Uncaria tomentosa,Uncaria,27
17328,Uncaria velutina,Uncaria,27
17333,Urceola laevigata,Urceola,3
17343,Urceola micrantha,Urceola,3
17352,Urceola rosea,Urceola,3
17358,Utania racemosa,Utania,1
17369,Vallaris solanacea,Vallaris,1
17373,Vallesia antillana,Vallesia,2
17376,Vallesia glabra,Vallesia,2
17397,Vangueria agrestis,Vangueria,2
17403,Vangueria infausta,Vangueria,2
17404,Veratrilla baillonii,Veratrilla,1
17411,Vinca difformis,Vinca,5
17429,Vinca erecta,Vinca,5
17492,Vinca herbacea,Vinca,5
17528,Vinca major,Vinca,5
17570,Vinca minor,Vinca,5
17619,Vincetoxicum amplexicaule,Vincetoxicum,26
17631,Vincetoxicum ascyrifolium,Vincetoxicum,26
17636,Vincetoxicum atratum,Vincetoxicum,26
17686,Vincetoxicum auriculatum,Vincetoxicum,26
17697,Vincetoxicum floribundum,Vincetoxicum,26
17701,Vincetoxicum forrestii,Vincetoxicum,26
17717,Vincetoxicum glaucescens,Vincetoxicum,26
17727,Vincetoxicum hemsleyanum,Vincetoxicum,26
17736,Vincetoxicum hirsutum,Vincetoxicum,26
17765,Vincetoxicum hirundinaria,Vincetoxicum,26
17772,Vincetoxicum indicum,Vincetoxicum,26
17801,Vincetoxicum japonicum,Vincetoxicum,26
17820,Vincetoxicum kerrii,Vincetoxicum,26
17823,Vincetoxicum mongolicum,Vincetoxicum,26
17845,Vincetoxicum mukdenense,Vincetoxicum,26
17857,Vincetoxicum nigrum,Vincetoxicum,26
17858,Vincetoxicum paniculatum,Vincetoxicum,26
17860,Vincetoxicum polyanthum,Vincetoxicum,26
17863,Vincetoxicum scandens,Vincetoxicum,26
17874,Vincetoxicum shaanxiense,Vincetoxicum,26
17877,Vincetoxicum spirale,Vincetoxicum,26
17878,Vincetoxicum stauntonii,Vincetoxicum,26
17885,Vincetoxicum sublanceolatum,Vincetoxicum,26
17919,Vincetoxicum sylvaticum,Vincetoxicum,26
17921,Vincetoxicum tanakae,Vincetoxicum,26
17944,Vincetoxicum versicolor,Vincetoxicum,26
17953,Voacanga africana,Voacanga,5
17994,Voacanga chalotiana,Voacanga,5
18009,Voacanga globosa,Voacanga,5
18011,Voacanga grandifolia,Voacanga,5
18017,Voacanga thouarsii,Voacanga,5
18030,Wendlandia formosana,Wendlandia,2
18032,Wendlandia tinctoria,Wendlandia,2
18039,Wrightia antidysenterica,Wrightia,5
18065,Wrightia arborea,Wrightia,5
18068,Wrightia pubescens,Wrightia,5
18070,Wrightia religiosa,Wrightia,5
18071,Wrightia tinctoria,Wrightia,5
18099,Xestaea lisianthoides,Xestaea,1
18108,Xysmalobium undulatum,Xysmalobium,1
18114,Zeltnera muehlenbergii,Zeltnera,1
